input_t_gradient__blur_euclidean,integrated_gradients__blur_euclidean,smoothgrad__blur_euclidean,deconvnet_blur_euclidean,GuidedBackprop_blur_euclidean,Same_Classification__blur,input_t_gradient__gausian_small_euclidean,integrated_gradients__gausian_small_euclidean,smoothgrad__gausian_small_euclidean,deconvnet_gausian_small_euclidean,GuidedBackprop_gausian_small_euclidean,Same_Classification__gausian_small,input_t_gradient__gausian_big_euclidean,integrated_gradients__gausian_big_euclidean,smoothgrad__gausian_big_euclidean,deconvnet_gausian_big_euclidean,GuidedBackprop_gausian_big_euclidean,Same_Classification__gausian_big
0.4674313029605941,0.4516921048285091,2.775204892857201,0.1040642373949452,0.1003130100053648,True,,,,,,,,,,,,
,,,,,,0.3640831943032387,0.3674004468854345,1.351595040432871,0.076058509673014,0.0716644677372897,True,,,,,,
,,,,,,,,,,,,0.641280446925291,0.5742870483267143,2.961426987784504,0.1752328459958739,0.2664160016280755,False
,,,,,,,,,,,,0.6530183437229661,0.6841613788036773,2.40778907977887,0.1061924610261734,0.2179739733944573,True
0.5431191679502406,0.4752001189772541,6.491620458691323,0.0989928009874153,0.4388766891170833,True,,,,,,,,,,,,
,,,,,,0.4484470506609157,0.4036151041809855,10.670358101011605,0.0900943967795405,0.3689228444667266,True,,,,,,
,,,,,,,,,,,,1.032733954097959,0.7872554563055731,6.628379137254345,0.1542313808974749,0.6232899195742807,False
,,,,,,,,,,,,0.9136777261254172,0.791095479995498,2.4156835661701392,0.1260955673951106,0.0611192990438335,True
0.4494652526155784,0.4286751917690528,2.0620963310900025,0.1224625928490057,0.0652370442802379,True,,,,,,,,,,,,
,,,,,,0.3733469208945832,0.3697781458642291,2.222673929850633,0.1008617184151704,0.0564782601194613,True,,,,,,
,,,,,,,,,,,,0.690798226508887,0.6320077240378217,8.002154369535242,0.1884802915841192,0.2072268452508799,False
1.007755615030994,0.8112559385067194,24.2871577370763,0.1602532764171811,0.1334571116530878,False,,,,,,,,,,,,
,,,,,,0.805677361147662,0.7205739551885784,6.429257390029474,0.1721820838024622,0.2063248012675026,False,,,,,,
,,,,,,,,,,,,1.217957791574359,1.0030421539490224,32.88673589551227,0.2042917270438674,0.1773931795635495,False
,,,,,,,,,,,,1.2913889833840468,1.1627700393981846,4.530219703741099,0.2055093030175166,0.0482282480799865,False
0.5346310637463555,0.5444078230459513,2.737279796597621,0.1149770356870472,0.0558387847754772,True,,,,,,,,,,,,
,,,,,,0.4283071315138754,0.4433325321757808,2.044831116900371,0.1201930915776973,0.0673653993582458,True,,,,,,
,,,,,,,,,,,,1.0465067150265648,0.91645846317453,4.350216530849625,0.1490282793201648,0.082437366539711,False
,,,,,,,,,,,,0.6325755661024319,0.656812815269596,4.0843767821912165,0.1432163949934576,0.0924998295470325,True
1.2062658606100178,1.215286337359436,2.8839925138027303,0.0863625801941714,0.0270158180845434,True,,,,,,,,,,,,
,,,,,,1.7727831349774457,1.8243938369377448,4.580741860322235,0.1085832743713609,0.0362205083425104,False,,,,,,
,,,,,,,,,,,,1.6083209092757442,1.4024666495897555,5.590681921246494,0.158730444860211,0.0626952266308008,False
,,,,,,,,,,,,1.3734233739356936,1.3816345628070543,19.422572361542024,0.0968172362880174,0.1758560596699959,True
1.926541693684401,2.1297220829524304,4.682321060181026,0.2779811256494594,0.0336133179657665,True,,,,,,,,,,,,
,,,,,,1.4783717543070016,1.616682971662598,3.954871506066872,0.2440303155970606,0.0513872590197467,True,,,,,,
,,,,,,,,,,,,2.960719145152644,2.6102539267091185,6.608328689185509,0.2936308380031155,0.0809283288190138,False
,,,,,,,,,,,,1.9897509308739736,2.213355886308125,8.813620544753512,0.4574640518245918,0.0456337503228928,True
1.0009472996358433,1.496706812898093,26.550867495182672,0.1333955098170317,0.0545075573012841,True,,,,,,,,,,,,
,,,,,,0.9006274026842708,1.3289593919040006,12.837658570474638,0.0965459640066131,0.0502361897190763,True,,,,,,
,,,,,,,,,,,,1.4217669945375613,1.832831014416696,11.542332208013857,0.1938830164787462,0.1354456999732616,False
,,,,,,,,,,,,1.217309304186315,1.837252161953556,2.981869017049049,0.1486673939832095,2.001296480828389,True
0.5328435493478286,0.6557909653386581,1.862475631835428,0.1871638837314818,0.9116943392383862,True,,,,,,,,,,,,
,,,,,,0.4311364925998575,0.5224373763226124,1.6135037939708876,0.1614661347190596,0.4864123802605411,True,,,,,,
,,,,,,,,,,,,0.7950096135213818,0.9215543905329492,3.508345722883635,0.2576925217818593,0.6394543365918732,False
,,,,,,,,,,,,0.6651840718118104,0.8451312425097217,118.82862506699044,0.2095480317121412,0.0610370307207308,True
0.5420513060717186,0.5469301241404824,28.130741867888844,0.1055008748954749,0.0794319980392311,False,,,,,,,,,,,,
,,,,,,0.3405409974290568,0.3279953258297209,29.50357998429285,0.0806339213546719,0.0624567052719193,True,,,,,,
,,,,,,,,,,,,0.5125033495733474,0.470200826998688,8.47752024321416,0.1653133203200835,0.1708014459682346,False
,,,,,,,,,,,,0.8116789090018115,0.8880052498088212,42.901614204254784,0.1236704378990036,2.3468269643835047,False
1.1643485611211195,1.1804709957429,22.26665320441825,0.1376202328368954,0.0579900512033267,False,,,,,,,,,,,,
,,,,,,0.838301580538596,1.0032198159668024,6.731868496340318,0.1274955570918636,0.0624793625374084,False,,,,,,
,,,,,,,,,,,,1.223015351284214,1.215637874852533,2.8310307814802256,0.1864960955493698,0.1497342858552485,False
,,,,,,,,,,,,1.2096726093987469,1.393435251366309,2.550862843815965,0.1668386198758095,0.2071104381777096,False
0.9367933581646825,1.466395977565275,61.28006148791799,0.2283020299314974,0.0611897928431449,False,,,,,,,,,,,,
,,,,,,0.893708240658089,1.373919414001531,13.499034666553072,0.2094904611348768,0.0651204863287818,False,,,,,,
,,,,,,,,,,,,1.1192232961871416,1.187203790105473,38.81098797628941,0.2436890770953665,0.1641138180259293,False
,,,,,,,,,,,,1.1608324014015303,1.786787405132271,3.632184701285565,0.2991158109221736,0.0387203451614957,False
0.311330723844579,0.3203485598115623,1.655242522115443,0.1509071290937126,0.1969433494397636,True,,,,,,,,,,,,
,,,,,,0.2918068134291469,0.3042017371693644,1.3784390960595625,0.1215812650668108,0.1562427288533155,True,,,,,,
,,,,,,,,,,,,0.4452865007277624,0.4167352824837555,9.037904581648906,0.218571307551903,0.4094198775930316,False
,,,,,,,,,,,,0.4708707605358468,0.4713617298580381,16.56495065757989,0.154903457668549,0.1195108218412414,True
0.2515792940350145,0.2473920900266842,4.59172674202457,0.1451819179618506,0.1620054293581071,True,,,,,,,,,,,,
,,,,,,0.2110637620102151,0.2105408939471912,8.071085054526549,0.0991976137869095,0.1320750591978855,True,,,,,,
,,,,,,,,,,,,0.4412793914653576,0.4385724437609729,4.766423188952332,0.233349044734502,0.4651530473312395,False
,,,,,,,,,,,,0.3471744418334149,0.3630619771098575,33.37140950513823,0.1294535413391641,0.1010123676295583,True
0.791278811320871,0.8789107026548455,2.8380209537780905,0.1253064112370161,0.0386621712530677,False,,,,,,,,,,,,
,,,,,,0.6770475855783286,0.8206270955056232,2.9207942299448124,0.114840782093958,0.0351188483586223,False,,,,,,
,,,,,,,,,,,,0.8642034292567414,0.7083775293733301,2.060983640947647,0.1774575883996977,0.098144383327475,False
,,,,,,,,,,,,0.8443629452563428,0.9461534068802128,182.08178706812683,0.1455206244783569,0.7619914884656815,False
0.5280872136551986,0.5381666507542224,2.736039638742611,0.0825371958032319,0.0898038313462643,True,,,,,,,,,,,,
,,,,,,0.371547840183984,0.3903654926588082,1.856175174529724,0.0590977005334167,0.052897972532234,True,,,,,,
,,,,,,,,,,,,0.737942200564305,0.7183551749214937,80.66625541488044,0.1601098572972174,0.2379391192533493,False
,,,,,,,,,,,,0.705894033710303,0.7916108765657671,7.979049914347682,0.0896982762210795,0.2784058650150311,True
0.7461635706343224,1.133089215038135,18.813771013549847,0.1243169530091366,1.3807645574925145,False,,,,,,,,,,,,
,,,,,,0.6753898383838693,0.9850628935821568,9.421947517315418,0.1045338712475287,0.8160609299335287,False,,,,,,
,,,,,,,,,,,,1.091235294394875,1.329385554094122,25.4205222048482,0.1929945112450367,1.1302665177275435,False
,,,,,,,,,,,,1.0673958220897102,1.418319588463442,8.041798812172146,0.1650585827496383,0.1336369293171023,False
0.5378376472845613,0.5991794334942169,1.179392089810398,0.0935701379871249,0.0360171894182219,True,,,,,,,,,,,,
,,,,,,0.5297519707969933,0.5810629713869102,1.2031736250567944,0.0845447016497453,0.0335126524501892,True,,,,,,
,,,,,,,,,,,,0.7902208558991262,0.7998368182626034,2.364459082584448,0.1576652824538089,0.0948480759408325,False
,,,,,,,,,,,,0.6736166466485655,0.8541301053309694,2.6359174381774944,0.1116962498918395,0.4259479313098557,False
1.0429068569883546,1.4258639427149056,3.40606848572216,0.0979274648298227,0.0557155850739335,False,,,,,,,,,,,,
,,,,,,0.8865976797648533,1.224379323363023,4.26511611642763,0.0923073634467743,0.0514781919731442,False,,,,,,
,,,,,,,,,,,,0.75391626482855,0.7536009669780033,4.041339134820496,0.1627195900060289,0.2176875302387396,False
,,,,,,,,,,,,0.9282099922338292,1.1558125456110828,5.506437813024576,0.1082582451029752,0.1332672858119624,False
1.206823686938328,1.3110924093353218,3.5316661391105724,0.0910003520782263,0.039890487563495,True,,,,,,,,,,,,
,,,,,,0.9894212613206446,1.0950596511913957,2.870334514811429,0.0817234334234798,0.0366521859730371,True,,,,,,
,,,,,,,,,,,,1.9747380410654125,2.007714425871461,11.18316664576039,0.1689684124065417,0.1275135141047032,False
,,,,,,,,,,,,1.9034241532041176,1.9417605793378208,16.964527543211997,0.0992842817511778,0.081823991160899,True
0.8261166535758594,0.9338787329400364,2.2028600277280943,0.146163132185773,0.048809942607241,True,,,,,,,,,,,,
,,,,,,0.6375481187100387,0.7789756977779195,1.790738367034085,0.128867427670843,0.0477889672024661,True,,,,,,
,,,,,,,,,,,,1.2605201895695222,1.2818986197887057,5.574651512243042,0.2097983102265778,0.1312401681224697,False
,,,,,,,,,,,,0.9071623665692056,1.0098611502823482,3.5062112712731155,0.1787616193761376,0.2066828661411171,True
0.7117516326485478,0.6334081878610912,5.181581913481903,0.1397103021916413,0.5058856329949099,True,,,,,,,,,,,,
,,,,,,0.5124423720441373,0.4981015779590409,4.558822692627467,0.0900796237140067,0.8499342529109245,True,,,,,,
,,,,,,,,,,,,1.0554207188393958,0.938036299099424,21.72836239536113,0.2080368452754321,0.8251671244747164,False
,,,,,,,,,,,,1.1515751661929987,1.1071253535020105,2.913380335329244,0.1225063817709337,0.074207221626528,True
1.277942144710834,1.4977675063030025,4.890840439180678,0.1462613658153259,0.1109415196587017,False,,,,,,,,,,,,
,,,,,,0.4898628110374765,0.8309675742279733,3.0144980168563813,0.1017582788784706,0.061505149728659,True,,,,,,
,,,,,,,,,,,,0.8380794956088228,0.9137756519116814,3.3998689317577044,0.2061326781783481,0.5041674721182902,False
,,,,,,,,,,,,1.0969562075751875,1.6326178026020748,1.625747938934262,0.1518993979646768,0.0302808927359613,True
0.3435798235523298,0.3082248165366125,2.2477279030864983,0.1250626585424775,0.036481821317235,True,,,,,,,,,,,,
,,,,,,0.2858296651094423,0.2579181541788596,1.9564234591752687,0.0790225652215347,0.0275712744240845,True,,,,,,
,,,,,,,,,,,,0.5621636805547338,0.5082896146558092,30.97703860923116,0.22387324925604,0.1178549776471289,False
,,,,,,,,,,,,0.5360483286513035,0.5209794444256475,1.9792936058006805,0.1261568730444371,0.2808491153531319,True
0.3357875992295935,0.3478919651322273,226.34469711285968,0.1115271628485767,0.2405533014962393,True,,,,,,,,,,,,
,,,,,,0.301998144512121,0.3210199990109028,25.119814255886727,0.0998361613638379,0.1908441174076106,True,,,,,,
,,,,,,,,,,,,0.6962431441468695,0.6265067442476207,4.6197203043550354,0.1790877166468313,0.2859864648665797,False
,,,,,,,,,,,,0.6125762353088093,0.6647104780841719,1.7558441090108294,0.1236794378965609,0.0582889464211493,True
2.61455212670885,1.721496150013679,14.909302604327475,0.1701689967282931,0.8610633640036579,True,,,,,,,,,,,,
,,,,,,2.646218567136285,1.7311009268370436,23.578835499149324,0.1793089234856155,0.4211950015379684,False,,,,,,
,,,,,,,,,,,,2.741980883268824,2.056000724034021,16.679405754122424,0.2065259885843025,0.5223175715862844,False
,,,,,,,,,,,,3.554150247181412,2.643603751769217,5.700044773286493,0.2019108973699822,0.0446863790269581,False
1.1028418968504043,1.0166988972366011,12.419216916138462,0.1157994087497119,0.0716687385663871,False,,,,,,,,,,,,
,,,,,,0.76061449845231,0.744310468252332,11.99479098427242,0.0959062586136457,0.0640997456185898,True,,,,,,
,,,,,,,,,,,,1.0693316740991692,0.8748013508331925,9.686141769825523,0.1665439014202046,0.1377037546135289,False
,,,,,,,,,,,,1.267267649344796,1.184004046127099,2.556760207085001,0.1294498301821094,0.1510891529134073,True
0.685159530751372,1.127781603614327,29.63023643436653,0.1204442010011234,0.0846568071603652,False,,,,,,,,,,,,
,,,,,,0.6089341153306722,1.0313536630849558,29.28599663044261,0.0738831609113985,0.0533689808754974,False,,,,,,
,,,,,,,,,,,,0.6464988041953542,0.7541072918351818,251.75098989357463,0.172577979401796,0.1442861343081337,False
,,,,,,,,,,,,1.072302616443369,2.8201609865038124,1.322724159883396,0.1116778565697682,0.0673222499810499,True
0.4049448857833135,0.6590939444800672,1.951017454679936,0.1697829965843222,0.1185969944927363,False,,,,,,,,,,,,
,,,,,,0.3470034753675505,0.533189049270983,1.2388366628522776,0.1397279025486395,0.1007952865312533,False,,,,,,
,,,,,,,,,,,,0.4569372201575859,0.5647392233416206,2.266844819964084,0.2066318745678667,0.240486511778563,False
,,,,,,,,,,,,0.5130744205728986,0.776894565766534,3.717819856236522,0.1780500834251438,5.3785277256551245,False
1.0914211979576929,1.544358467527135,8.790748389936434,0.1111539357910507,0.0565065752660543,True,,,,,,,,,,,,
,,,,,,0.9912089743843544,1.4554558224619598,3.698657732146687,0.103826846614774,0.0718874989211125,False,,,,,,
,,,,,,,,,,,,1.429901975900922,1.425955828917948,1043.0700515471597,0.1991071174918645,0.1771782355284757,False
,,,,,,,,,,,,1.955645374686661,2.667209488470289,8.478320215419055,0.1804624972334323,0.0876417898923374,False
0.9732071486489,0.8411052070477134,7.769784499929666,0.1133336754952216,0.0391167511792752,True,,,,,,,,,,,,
,,,,,,0.8098449853822863,0.750915883335528,10.418407695719916,0.1060594039767929,0.043474875846059,True,,,,,,
,,,,,,,,,,,,1.4821640599977273,1.246637041612698,9.439819807767217,0.1613233697667411,0.0949006028136494,False
,,,,,,,,,,,,0.9862221853427292,0.8112434006438085,945.2475471994323,0.1388668753562188,0.4623541922510797,True
0.5331685773309625,0.4826923107719462,1.4479774718582468,0.0775886917716577,0.0525405900560874,True,,,,,,,,,,,,
,,,,,,0.4478668032062614,0.4209248568450816,1.1543447775851825,0.0693819326465262,0.0569250381329947,True,,,,,,
,,,,,,,,,,,,0.7619587032181001,0.635296669163743,3.717711925541839,0.1782512002342899,0.1395231273844257,False
,,,,,,,,,,,,0.666581700460151,0.6175179693883341,12.107717813441472,0.0944484532226684,0.26398853464439,True
0.60705788814608,0.5496766709869927,101.71591879674064,0.1049920740221882,0.0766177249845949,True,,,,,,,,,,,,
,,,,,,0.511893934571902,0.5128686279476846,38.524341605246285,0.0907435881717599,0.0769932829834855,True,,,,,,
,,,,,,,,,,,,0.8284549646485916,0.6903399853201503,8.624082118107518,0.1725923354970184,0.2356175332355777,True
,,,,,,,,,,,,0.8060375410622236,0.8212511958541615,7.691655771039222,0.1175253177866161,0.0730719784824719,True
0.7133863003643536,0.633628991844133,25.82986659475439,0.1180513846307231,0.0455698089483188,True,,,,,,,,,,,,
,,,,,,0.5757066177206676,0.5351115055647785,12.634150989195374,0.0952027933149387,0.0350255316244476,True,,,,,,
,,,,,,,,,,,,1.0014489555436392,0.9349795899775922,41.47045871231635,0.2066278330508461,0.1409329088690899,False
,,,,,,,,,,,,0.85221745935755,0.7746269127654656,7.369853575955672,0.1389150601371943,0.1381088673324241,True
0.5502796779890935,0.6840177346964813,26.88520573549617,0.1758961255391548,0.273540884504611,True,,,,,,,,,,,,
,,,,,,0.5976929744375352,0.7100021002266331,79.89277871136089,0.14451071393877,0.1963237905136927,False,,,,,,
,,,,,,,,,,,,0.7269290480468306,0.7736683168760425,4.639834752564643,0.2352889779365699,0.6683251135271636,False
,,,,,,,,,,,,0.7899750462258319,1.0529503349156928,4.4922793326229975,0.2039852834529671,0.1095370384797442,True
0.2943059421336601,0.2830428964375282,0.7229246999549247,0.1074747019898593,0.0340456990868987,True,,,,,,,,,,,,
,,,,,,0.2510418016737673,0.2490017437090546,0.6756831657551742,0.0919225041346545,0.0282972837236241,True,,,,,,
,,,,,,,,,,,,0.4071514228299718,0.4096847038211383,1.0070639566284032,0.1731904297079132,0.0918517456516663,True
,,,,,,,,,,,,0.3400076729179889,0.362117831921265,2.1163946451837705,0.1272299296155525,2.355604925655872,True
0.9453943560079996,0.773404750763332,65.13543863766522,0.1971896264602735,0.4132374429621699,False,,,,,,,,,,,,
,,,,,,0.8247851215991151,0.7075805095492015,7.5456547913071805,0.1665219445830009,0.4707796509295769,False,,,,,,
,,,,,,,,,,,,1.1801997542007892,0.955899058117331,3.568023468791503,0.2595192684300988,0.8073380323474794,False
,,,,,,,,,,,,1.0523954513016642,1.03589011743286,4.721778740448375,0.1946124491740872,0.0709532071258588,False
0.3203429464166154,0.6015730249528709,1.953795537693596,0.1173255861695722,0.0613628849491194,True,,,,,,,,,,,,
,,,,,,0.2880617394052808,0.5567910663574547,1.2953539697825387,0.1060629602360436,0.0564306587135532,True,,,,,,
,,,,,,,,,,,,0.4430686605140772,0.6242709051259488,16.29525417995215,0.1630969890951654,0.1302494497969956,False
,,,,,,,,,,,,0.4453565929028922,0.7813852433150557,4.460326590574801,0.1232437833798572,0.1692626784979083,True
0.480237052426099,0.57961893077536,4.819696256768938,0.1387249228495755,0.0658594835102864,True,,,,,,,,,,,,
,,,,,,0.3587196575448353,0.4398923201431805,3.099450957605286,0.1034431054131259,0.0474677577879167,True,,,,,,
,,,,,,,,,,,,0.6656677329702528,0.7290563007899654,8.894127895784836,0.2102927464535298,0.1503083429206207,False
,,,,,,,,,,,,0.6904130058330089,0.8849477529934363,7.762191222591798,0.1377453062876958,0.1354205803781052,True
0.8463086307488266,0.9041042939049816,2.25910724369342,0.1119108149651602,0.0572256480104388,True,,,,,,,,,,,,
,,,,,,0.6568531801493362,0.8086755935871351,1.5993646085018671,0.0993805856619869,0.0493824766819648,True,,,,,,
,,,,,,,,,,,,1.0238533035110438,1.0782340749102033,3.79273686823314,0.1628838513000328,0.1332191070080882,False
,,,,,,,,,,,,0.9816538023694904,1.2249987249906238,4.043174948395006,0.1432800154345467,0.2830036278007085,True
0.5190729795706536,0.4994147850191854,3.8159829480182847,0.1170055558071414,0.0537551852504836,True,,,,,,,,,,,,
,,,,,,0.4582125152734529,0.4509399131427039,3.2453152769526774,0.1024450849525524,0.0561323801380649,True,,,,,,
,,,,,,,,,,,,1.0237652982627028,0.9922698851788412,8.625510995684706,0.2247395457176668,0.1587097876353105,True
,,,,,,,,,,,,1.1709124935429278,1.185595725311295,6.177642582322651,0.1819190108800558,0.0588688001069074,True
0.4076575165090001,0.4139241959056642,1.1595902144679515,0.1225879758402346,0.0491366901320598,True,,,,,,,,,,,,
,,,,,,0.3887280473689589,0.4045785050002383,1.1572948725667878,0.1072481265838622,0.0466374307948014,True,,,,,,
,,,,,,,,,,,,0.5917161237218977,0.5513830446291212,2.275454972143168,0.189096537096645,0.1314803234901075,False
,,,,,,,,,,,,0.7037018154451758,0.7637021920747409,15.616525795423636,0.1481506534574784,0.0911251948326022,True
0.9520893352107084,1.0315100507216617,16.384521959336745,0.203453455353123,0.0233933167527152,True,,,,,,,,,,,,
,,,,,,0.8355738756565476,0.9126356845883145,6.811802048917293,0.165934607151546,0.0202837353552543,True,,,,,,
,,,,,,,,,,,,1.4735725694588124,1.3614544525892016,5.133900397639749,0.283034064597345,0.0600028876028002,False
,,,,,,,,,,,,1.526153610701102,1.840327946725596,563.862250488409,0.2858080016910392,0.0347180247795985,True
0.7918981756659749,0.9259510330935342,4.07744340582616,0.108235382607832,0.1081842221421184,True,,,,,,,,,,,,
,,,,,,0.7242699533840299,0.828495637768267,3.4854703182828093,0.0910664040131392,0.1089699280098974,True,,,,,,
,,,,,,,,,,,,1.0083486241406454,1.148679445454578,7.580157636895849,0.222071194642162,0.3768372299467312,False
,,,,,,,,,,,,1.300587078782584,1.6497551653041689,4.519942172284569,0.161583534426162,0.0340533865019497,True
0.4385965182267732,0.434811403963361,1.739814814394581,0.1124245678259502,0.0437232796959187,True,,,,,,,,,,,,
,,,,,,0.4309122540149623,0.4265493162662689,1.6063308505457936,0.09989720586173,0.0429491203269477,True,,,,,,
,,,,,,,,,,,,0.6726181638761061,0.62049231517028,4.054788599423796,0.1758562378683483,0.1009652598621011,False
,,,,,,,,,,,,0.5372289235677599,0.5397983235408577,8.4535664555664,0.1336374596680147,0.5341356588334777,True
0.6730676449800551,0.7413761674561274,8.999591204726421,0.1467939349418624,0.0785917052384352,False,,,,,,,,,,,,
,,,,,,0.6229761629608737,0.7250291866061633,18.193542079289845,0.1173275656139712,0.0692863862089725,False,,,,,,
,,,,,,,,,,,,0.9017412803074047,0.8262647891611533,5.7545315429357045,0.2489572377477109,0.1934958889313451,False
,,,,,,,,,,,,1.1532219640114263,1.2311431943052085,5.519500408925609,0.1997899668351719,0.0901440699464728,False
0.5993616827819506,0.5771148015353421,3.221940151493191,0.0823318486107211,0.0598128087957797,False,,,,,,,,,,,,
,,,,,,0.5109894844463418,0.504012275582353,2.8613197554024765,0.0831096145942368,0.0792818305017515,False,,,,,,
,,,,,,,,,,,,0.8468855925328937,0.6998169964136164,4.592174299081069,0.1581049544730256,0.1192121542922346,False
,,,,,,,,,,,,0.8876982109857847,0.8137484583242451,17.803182897949192,0.1003713031754132,0.1872367524356753,False
0.3459528227310394,0.3949063237399741,1.32647398535854,0.0932660803427868,0.0416066014800595,True,,,,,,,,,,,,
,,,,,,0.3184212005368315,0.3847688978701234,1.046169889767974,0.0728865195626779,0.0386367762023525,True,,,,,,
,,,,,,,,,,,,0.4175500087555788,0.4116927291384854,1.2387868414714334,0.1636313500284099,0.0903318797628318,False
,,,,,,,,,,,,0.4698185687536717,0.5788567312215689,5.895354176718641,0.0993921136440825,1.5069693838803335,True
1.0132937423675608,1.4917133388102153,427.5185630710005,0.2587998972307853,0.1755368637304784,False,,,,,,,,,,,,
,,,,,,0.908442446169088,1.398006806199791,116.67080642755806,0.2412266660729953,0.1780938518221568,False,,,,,,
,,,,,,,,,,,,1.0430353416195763,1.2229831156438191,10.25059709298302,0.2363999705924636,0.5762748920984657,False
,,,,,,,,,,,,1.0435678588534751,1.540457634616016,50.15558801679084,0.2949004369186667,0.0650716604663989,False
0.9205581686265616,0.972733644446102,8.511682700545201,0.2000537558457881,0.093144959801585,True,,,,,,,,,,,,
,,,,,,0.6716596295323348,0.7449399824247697,5.290794166306108,0.1511126884639896,0.0970771385991945,True,,,,,,
,,,,,,,,,,,,0.9830449673286804,0.8733490278542767,1033.6027406397368,0.2323631942965194,0.2989046701057731,True
,,,,,,,,,,,,1.1870325706337246,1.25221482999242,2.8288369076795528,0.2102174716909546,0.0485771297165215,True
1.0623545035621202,0.875889151836975,5.762800424077092,0.1650417981301071,0.0810550286212833,False,,,,,,,,,,,,
,,,,,,0.7782012320209594,0.7351765365722962,7.286234050052566,0.1117556059691692,0.0584611024924798,False,,,,,,
,,,,,,,,,,,,1.0439408201857188,0.9195309137937742,28.44302345901952,0.22986036857741,0.1981634665954591,False
,,,,,,,,,,,,0.7192173096542398,0.6819072850622578,3.797042823758991,0.1448650734791449,0.1207808180448139,False
2.1209545190503616,1.8537760204056744,4.24853845318072,0.1150431723774095,0.0240118864345996,False,,,,,,,,,,,,
,,,,,,2.074541969578352,1.8764017861978213,4.343997227378441,0.1068248835376919,0.02604905089067,False,,,,,,
,,,,,,,,,,,,2.4354612869649306,1.8850238518993871,4.64133549788757,0.1505894914979548,0.0474429681649838,False
,,,,,,,,,,,,2.029329050161912,1.6874119175019129,28.89920667098755,0.1179048620737654,0.084007932653808,False
0.8524053657132535,0.8049088953288381,3.6633488552522326,0.0891137103105862,0.0294942489090886,False,,,,,,,,,,,,
,,,,,,,,,,,,1.3740990328683471,1.1873843143520804,7.543733357431035,0.1576226100795204,0.0884320786005084,False
,,,,,,,,,,,,0.8905563835755044,0.9248814539668088,4.382234551411004,0.1327246254002076,0.1075928674512952,False
1.1142834980895018,0.8569438760813074,3.1059182225925213,0.1445380535226297,0.0428209079986645,True,,,,,,,,,,,,
,,,,,,0.9452901896195636,0.7733728373168363,3.701273838386637,0.1248133933600106,0.0360824680081913,True,,,,,,
,,,,,,,,,,,,1.1533829970594227,0.7995924951018993,104.08702953663187,0.1880830893074796,0.1030503218975815,False
,,,,,,,,,,,,1.175873360889292,0.9300825491628856,1.9921449825187072,0.1612007959987152,0.327554045166152,False
0.9470083566517336,0.8706640391262193,2.7972485539560554,0.0973846423513762,0.0550163335694003,True,,,,,,,,,,,,
,,,,,,0.8318055223694787,0.7942398832319848,2.4731431387807694,0.0877813298319707,0.0573626512110649,True,,,,,,
,,,,,,,,,,,,1.287093547341949,1.0264195418945736,2.3251633091235098,0.1594053464031047,0.101736077655596,False
,,,,,,,,,,,,1.3978763574817763,1.312507401783384,5.782381615086383,0.1118831920264903,0.18952826852706,False
0.4641937204042199,0.425808520195035,3.4127391222035985,0.1411026174666395,0.4165664872818125,True,,,,,,,,,,,,
,,,,,,0.3901831180238961,0.364173210430113,1.983712147070436,0.0841907987514829,0.5670329128791781,True,,,,,,
,,,,,,,,,,,,0.7083304366839919,0.6120496357060472,4.069518982184584,0.1870778501624698,2.0235659360930334,False
,,,,,,,,,,,,0.8933263393756955,0.8834275989459647,3.3456953702047647,0.1261738035594916,0.0814597989854242,True
0.6206233134713175,0.6876104959277904,1.1176026332048858,0.0933924515293842,0.0523925544482286,False,,,,,,,,,,,,
,,,,,,0.4722364537714889,0.591726003120209,1.1541585770381522,0.0893315737485013,0.0547275458959028,False,,,,,,
,,,,,,,,,,,,1.08462682387857,0.986440228830529,2.817756103143114,0.1546244730571639,0.1467122525632631,False
,,,,,,,,,,,,1.019507422892017,1.2193909595513814,15.011900994197166,0.1192228660649412,0.063484446884643,False
0.523725580916041,0.4503844819787783,26.55137532623602,0.1444002686098358,0.1505416529139998,True,,,,,,,,,,,,
,,,,,,0.4065982444742876,0.3702133806356545,13.08560840392433,0.1246774336247418,0.1885641531174251,True,,,,,,
,,,,,,,,,,,,0.7518126372037724,0.7506351107435583,4.5755957763089805,0.2057027538879124,0.3068142790158721,False
,,,,,,,,,,,,1.2150651928454943,1.0953352480790444,6.4424400183600365,0.163008939043379,0.0473658583765892,True
0.8616111977371402,1.1274533271754257,9.121102284778676,0.1748355534230617,0.4620499538962448,False,,,,,,,,,,,,
,,,,,,0.8508344477902631,1.1088589841001817,8.450000347081193,0.1504945300906737,0.5611972322135262,False,,,,,,
,,,,,,,,,,,,0.8480892285763146,0.8492331402482507,43.55582412199187,0.2060102290616281,0.7172212429073421,False
,,,,,,,,,,,,1.0337417676189804,1.4447449496924298,7.025795595949215,0.1916089390812551,0.0936852165989044,False
0.9207159430293762,1.2815017805169662,6.0064638582648096,0.0973213196307837,0.0773877550037736,False,,,,,,,,,,,,
,,,,,,0.8807541288220787,1.193197478399242,6.120095192088314,0.0876935103729104,0.0728077243225904,False,,,,,,
,,,,,,,,,,,,0.9939043114146467,1.0922057878114406,528.6988503082652,0.1639433117848964,0.1512844726615355,False
,,,,,,,,,,,,1.2788938781688608,1.7240648062587265,26.833680486611485,0.1222384513762361,0.1046378281721145,False
0.8024838465831422,0.7968026687844834,5.133944395082897,0.093995194142408,0.0511122280555983,True,,,,,,,,,,,,
,,,,,,0.7575264354264364,0.7387848629062451,2.547260954467617,0.083196914038627,0.0505376397442208,True,,,,,,
,,,,,,,,,,,,1.563492635040508,1.3051193532353311,3.393413513130293,0.1745591100790421,0.0941675272666022,False
,,,,,,,,,,,,1.0757414013545616,0.9896996348255654,11.674870225691013,0.0974918688193149,7.276803624118602,True
0.6849871565203034,0.6531799809680485,17.113464856472913,0.2250649758347487,0.5710047172565126,True,,,,,,,,,,,,
,,,,,,0.5946572511903632,0.589337788015065,61.1022315904336,0.1832963348994778,0.8467594377309863,True,,,,,,
,,,,,,,,,,,,0.8874129149313469,0.785041792711466,21.766744178462137,0.2351884434299992,0.68016342915084,False
,,,,,,,,,,,,1.0647052229662484,0.9558890340568588,6.302069317537049,0.2249849449538455,0.0851587981234127,True
0.598239313497922,0.5443299722935963,5.590883609210068,0.1152570938683532,0.0542803509431969,True,,,,,,,,,,,,
,,,,,,0.5667389841413065,0.5215710154489559,2.979140607047502,0.1099487590755141,0.0568386007494574,True,,,,,,
,,,,,,,,,,,,1.0619137180258282,0.7749957675219967,5.670325290159334,0.1579916609092527,0.0845201282003293,False
,,,,,,,,,,,,0.7247526612085996,0.6588130001482657,2.067640034548233,0.129685921357939,0.1543113911894356,True
0.7962990154145723,0.6586595387413268,2.729751764784643,0.0994950189757157,0.0704208600012541,True,,,,,,,,,,,,
,,,,,,0.62708610751994,0.5198635262567991,2.041500861145329,0.0993611662805327,0.0836994818592061,True,,,,,,
,,,,,,,,,,,,1.0866643458796867,0.9983633603616336,2.758852008994997,0.1722672530461483,0.1440628162613103,False
,,,,,,,,,,,,0.6785865467799357,0.6340214352772608,3.604772574024626,0.1450522475665994,0.3832886051001549,True
0.3172120632343633,0.3190449667345499,5.79001435996421,0.1253041600716909,0.2572990384672227,True,,,,,,,,,,,,
,,,,,,0.2540917521206799,0.2562069087431581,2.3880810156470567,0.0904088561548968,0.1442012378420624,True,,,,,,
,,,,,,,,,,,,0.4265118677522271,0.3765368873256352,10.287988780565716,0.1738608582729137,0.6182395925241211,False
,,,,,,,,,,,,0.4240105218511696,0.4331924861124926,2.1702065966157145,0.1214226590466002,0.0602773535663282,True
0.4429178703423099,0.4871340578130458,3.39305032629669,0.1053894130657657,0.0750770223746556,False,,,,,,,,,,,,
,,,,,,0.4183851363599333,0.4890785776415475,2.8936150581031184,0.0870572524823627,0.0682522323538845,False,,,,,,
,,,,,,,,,,,,0.7678553325720149,0.7237040861249439,5.816283878749886,0.1874734228653438,0.1987092997945593,False
,,,,,,,,,,,,0.5094830366841272,0.5793170342589639,3.4127454989733024,0.1141465089578703,0.923213577923846,False
1.244644887303086,0.9278799672523128,6.8916665995205255,0.1052416535639269,0.0662749565417677,False,,,,,,,,,,,,
,,,,,,1.0384484658205129,0.8651767144470898,9.059371574413715,0.1040468471536809,0.0780919445702166,False,,,,,,
,,,,,,,,,,,,1.848604265806285,1.15493525897093,5.830638391853525,0.1775358401993333,0.1784635906250835,False
,,,,,,,,,,,,1.165849097070321,0.9646940423750896,59.52560598449084,0.1458278530628646,0.093255073269108,False
0.6649788943899458,0.785963201460222,4.13313989205178,0.1494183639962265,0.1538889708182217,False,,,,,,,,,,,,
,,,,,,0.6420167803312671,0.7729443040771206,3.6290876966856938,0.1450427443487965,0.1442098271329136,False,,,,,,
,,,,,,,,,,,,0.981597326671002,0.9762886069038336,4.675804849762181,0.179869281639055,0.296959497983641,False
,,,,,,,,,,,,1.0518566804554554,1.176439223366562,17.793941879783503,0.1869907442572059,0.104845055140234,False
1.1568230336831735,1.0777388991584336,6.625361388430217,0.1186479649103345,0.0321516096091305,True,,,,,,,,,,,,
,,,,,,0.875227617277311,0.8449574718913876,5.029327529427142,0.0892040663201903,0.0274922102647397,True,,,,,,
,,,,,,,,,,,,1.5734035202320913,1.568521487285814,42.0627527636043,0.1926319888663373,0.0963295007743879,False
,,,,,,,,,,,,1.37126611881365,1.292061329855505,3.738295017945145,0.1286467330362819,0.2346636105578549,True
1.1156917010109215,0.8836694974246248,2.24572162364838,0.1518371918343881,0.1104698749449964,True,,,,,,,,,,,,
,,,,,,1.009113969742969,0.828948321291315,2.110567491649743,0.1379655234203494,0.1131675433635383,True,,,,,,
,,,,,,,,,,,,1.45087389383447,1.0711858055428856,3.448906178181933,0.1955459081897861,0.2587051754930468,False
,,,,,,,,,,,,1.351754269573635,1.1686823905814292,19.28306270590563,0.1873422612458222,0.0696156020110506,True
0.3959042853986925,0.3683310807092714,8.338732781333173,0.136654338979731,0.0479991737509636,True,,,,,,,,,,,,
,,,,,,0.3449598227200269,0.3266058544511785,3.916728419549621,0.110601318094478,0.0401941521757339,True,,,,,,
,,,,,,,,,,,,0.5897776231377043,0.5456653129688986,23.765292124053097,0.2132531652040079,0.1432976577540498,False
,,,,,,,,,,,,0.5531626776807687,0.5367732205987463,2.858513986166712,0.1538227232556678,0.1029744417071848,True
0.4803038450329819,0.4576855534371691,21.637947249721684,0.1354582573113098,0.0767249758213572,True,,,,,,,,,,,,
,,,,,,0.4912717192954792,0.5150732051950516,3.886089898952935,0.1206864217449542,0.0664872056920624,False,,,,,,
,,,,,,,,,,,,0.5712903417841662,0.4867897303250652,8.219485323273357,0.1788906291551543,0.2303407997249641,False
,,,,,,,,,,,,0.5935085864345478,0.6264212327258282,3.689452124421145,0.143878442220955,0.1203804180108113,True
0.524410089846253,0.5735599641241993,1.5128405446900457,0.1122967870043063,0.2364373613616518,False,,,,,,,,,,,,
,,,,,,0.4293771423661239,0.5006711467289346,1.49501951036865,0.1138148978133215,0.2150158435154801,False,,,,,,
,,,,,,,,,,,,0.7705269862979532,0.6983625603198328,2.138205729901493,0.1773507761211664,0.3288401540241679,False
,,,,,,,,,,,,1.036917183064038,1.208743829089713,4.1354653251173445,0.1228719603086642,0.0536960739241501,False
0.4906214844416784,0.4627474433615401,1.7566158968337844,0.2933504320328104,0.1595271300380607,True,,,,,,,,,,,,
,,,,,,0.3997267658545361,0.3931345493023636,1.3052040964724156,0.2741939995796572,0.2232712625946964,True,,,,,,
,,,,,,,,,,,,0.7215328736187308,0.6274719479089641,165.36229015215295,0.2482580552353601,0.457969132358328,False
,,,,,,,,,,,,0.5646247243687967,0.5525352978801048,10.733559930820592,0.3097000556999912,0.066143801601497,True
0.6978499742200411,0.7580271856695583,1.741961477625933,0.097752626284152,0.026884079101748,True,,,,,,,,,,,,
,,,,,,0.600112595127396,0.6501723653410131,1.5150869498176198,0.0900353921828276,0.0257326091969434,True,,,,,,
,,,,,,,,,,,,1.0777342233905665,0.8668726295562916,4.428344069412247,0.1630618670502345,0.0708179142493198,False
,,,,,,,,,,,,0.6839915490294384,0.6718811377552779,3.4996303473464554,0.095352029474864,0.051587690254927,True
1.8451453388040404,1.523286486977724,12.35871769519358,0.109365456587827,0.0169542004481991,False,,,,,,,,,,,,
,,,,,,1.280332072794714,1.0295047513199218,4.282099941593151,0.0549946504431501,0.0103544806648985,False,,,,,,
,,,,,,,,,,,,2.164321929063794,1.5736329153873323,6.735248200843446,0.1526223611437919,0.0382726024107895,False
,,,,,,,,,,,,1.539687531467452,1.2324942897159503,7.128473941518326,0.0880893901769333,0.039862435340954,False
1.1254071340233929,1.0261622921935207,49.86841339258751,0.091682939382262,0.0669968434977338,False,,,,,,,,,,,,
,,,,,,0.8852918127159508,0.8578257091772167,23.25995468039717,0.080750919759352,0.0640307894661757,False,,,,,,
,,,,,,,,,,,,1.0800645659175814,0.8921805788252679,2.485215215316868,0.1726668211419636,0.1405472939036375,False
,,,,,,,,,,,,1.2537020553927656,1.1801908258166336,14.0686229181049,0.1057468986217652,0.0893655620670308,False
0.1915677964613154,0.2442826913633428,3.804147178132765,0.157999479971768,0.0620277762588869,True,,,,,,,,,,,,
,,,,,,0.1384225069652284,0.1693147811310484,1.7038914790010264,0.0955239111845579,0.0397923502602736,True,,,,,,
,,,,,,,,,,,,0.3831432967862636,0.438136501295954,29.821655056820426,0.2405549680251852,0.1644402361384674,False
,,,,,,,,,,,,0.2333751149271091,0.3080165704305406,1.3537001536819135,0.1451460934709197,0.2322872542113931,True
0.4848233733996183,0.5727342472924949,8.040101893435049,0.0938111783608711,0.0538733576213223,True,,,,,,,,,,,,
,,,,,,0.3516023073263815,0.4153862351077727,2.913411430332417,0.0790069807610749,0.0444264032847719,True,,,,,,
,,,,,,,,,,,,0.6667246533234089,0.6509712808391948,18.18899879783328,0.1869569275299748,0.1645119341588213,False
,,,,,,,,,,,,0.5083165437540623,0.6045730519784054,2.8449763099912744,0.1201418656078703,0.1386625637509145,True
1.3544135421736423,1.5506175287389954,1.5603326977525709,0.0946906651755725,0.0653942472283297,True,,,,,,,,,,,,
,,,,,,1.314223909878142,1.511404208959065,1.5194708458045476,0.0823280542529951,0.056835831907736,True,,,,,,
,,,,,,,,,,,,1.902589173048547,1.623079687027379,2.979217509435678,0.1654257146211128,0.1460261514997796,False
,,,,,,,,,,,,2.020719409443473,2.317232916210736,2.717929198203328,0.1158396774015236,0.1412767311468684,True
0.9066312045671888,0.9430189053431972,17.069880814252212,0.1231685870880991,0.0880792451894439,False,,,,,,,,,,,,
,,,,,,0.831291033347897,0.8793811627092754,33.146024218745644,0.1303087587857677,0.1024846429806428,False,,,,,,
,,,,,,,,,,,,1.393125911798256,1.1339761992375774,3.010587681843167,0.1763465494572967,0.1219611252638362,False
,,,,,,,,,,,,1.0083630494840532,1.1703759102827715,2.9309561910399,0.1640452737306696,0.1782254016717789,False
0.8756179800793293,0.813444577482297,7.423249479191303,0.1233646511752502,0.0383336269501682,True,,,,,,,,,,,,
,,,,,,0.8025099882781763,0.7403709903452571,6.654677541479613,0.0916560829535876,0.0281064763111933,True,,,,,,
,,,,,,,,,,,,1.1716714878835008,0.9450967626009408,16.903763974883226,0.2040172904489584,0.1074820833965188,False
,,,,,,,,,,,,1.1282041878954592,1.0324718487183362,4.564760092437503,0.1415534543539915,0.1767904835126194,True
1.0544791423909543,0.7939603273675409,11.105093924156334,0.2701032727110186,0.0496567051185825,False,,,,,,,,,,,,
,,,,,,0.904957772162578,0.7560800553484801,8.681626437173882,0.2273223061740762,0.0427517955078387,False,,,,,,
,,,,,,,,,,,,1.1999372776879882,1.0202627021685435,5.705345478805553,0.3044773694869707,0.0984035099542057,False
,,,,,,,,,,,,1.2566899633574196,1.1178099811361064,6.474417291790082,0.315116030424108,0.0497579974697632,False
0.7009005060154948,0.7184409926234709,25.01429400724637,0.1018344140162804,0.2239411258721233,False,,,,,,,,,,,,
,,,,,,0.5423554720282429,0.5693545070850283,13.83886299046672,0.093033278108163,0.2065627921277482,False,,,,,,
,,,,,,,,,,,,0.767092311800225,0.7435372959069403,20.96340211811845,0.1668101991514013,0.4634706053478677,False
,,,,,,,,,,,,0.9773439668719665,0.9778541625880848,4.968279580708016,0.1089420888543629,0.1143177550859027,True
0.7169953750200175,0.685767215820386,7.575146419849082,0.1970688861981373,0.0900828158333759,True,,,,,,,,,,,,
,,,,,,0.5714412211086314,0.566782282017454,3.949067877376212,0.1622250378110154,0.0737755308208617,True,,,,,,
,,,,,,,,,,,,0.8842991384039791,0.7798557818939622,7.379307954975228,0.245830010045373,0.2139301114465978,False
,,,,,,,,,,,,0.7863705523931985,0.7379339560990034,1.884239644840228,0.1912473992004154,0.312441802550208,True
0.5318437456927549,0.4591792678540869,1.7528631839620636,0.0817580096713888,0.0484787511553852,True,,,,,,,,,,,,
,,,,,,0.4250417420478746,0.3841119062055382,1.543560570383941,0.0650715795451846,0.0355902687264282,True,,,,,,
,,,,,,,,,,,,0.7852323391598349,0.6564129185259815,2.231597813093795,0.1846240952499132,0.1501674766162717,False
,,,,,,,,,,,,0.5499979304269806,0.5413693845546763,2.626368795109037,0.1014514272040583,0.5913427047721745,False
0.7505537177347439,1.0365787890221836,2.597852298679906,0.0899491043557958,0.0328078634950947,True,,,,,,,,,,,,
,,,,,,0.6715019219226318,0.9335984590772652,1.8687826311602755,0.0833625454686507,0.0307310896755579,True,,,,,,
,,,,,,,,,,,,1.3203723354481185,1.4639155119393683,8.134664608125837,0.1598480413820739,0.0875524393211833,False
,,,,,,,,,,,,0.8856677674047778,1.222902511039842,12.38116458486237,0.0951573640737034,0.0716639754510224,True
0.6147823200923778,0.5919771182750881,1.350150086017063,0.1015255550252522,0.0863454806937082,True,,,,,,,,,,,,
,,,,,,0.4851284967906178,0.4976420792176616,1.240295964207482,0.1062334995686504,0.1059733540507793,True,,,,,,
,,,,,,,,,,,,0.991246963687206,0.8403059825939184,15.496169624147903,0.1591020122926457,0.1703721160903611,False
,,,,,,,,,,,,0.7183587392266108,0.7039265592473775,2.474431814101278,0.1015981046084697,0.1144797040482795,True
0.5113198462343603,0.4752958374306422,10.0627853834335,0.1362669297601781,0.8620231161106195,False,,,,,,,,,,,,
,,,,,,0.3225820944639847,0.324775028993805,10.150736161912173,0.0735193162805892,0.3957237720714929,True,,,,,,
,,,,,,,,,,,,0.6875268766263751,0.6334646999367807,3.800973529224471,0.2091736224762413,1.2319711178663026,False
,,,,,,,,,,,,0.8941564741465549,0.9174520784254256,21.120330048839858,0.1045803625507433,0.1115005718305621,True
0.6932420444758083,0.7995365230788886,1.926940186311776,0.2337035015578299,0.0197345679766584,True,,,,,,,,,,,,
,,,,,,0.5773528081603022,0.6628625893917652,1.5611683566084429,0.1649942358600734,0.0164734343305259,True,,,,,,
,,,,,,,,,,,,1.2486577328610469,1.230945584782408,7.211295625819617,0.3267607631084594,0.0681239734462617,False
,,,,,,,,,,,,2.045745024064605,2.4645248895356064,8.19351273551675,0.4675025584164791,0.0409255137200666,False
0.484873803421157,0.60676775169803,4.116973719784403,0.1253312301853796,0.0970134031820476,False,,,,,,,,,,,,
,,,,,,0.4574492688341979,0.5959479603024058,4.40176712476703,0.1134913155986601,0.0996895029972394,False,,,,,,
,,,,,,,,,,,,0.7381458913569621,0.8321306839296038,3.450246403888664,0.1876820731702687,0.233803076878869,False
,,,,,,,,,,,,0.644461765687442,0.8142305900254299,2.88811559413022,0.1528009491122325,0.1068019445136274,False
0.9480980140405076,0.8336810060546338,3.3662189376588567,0.2298462822837712,0.1411410467982218,True,,,,,,,,,,,,
,,,,,,0.8447233351009761,0.7065115054886121,2.718656580727268,0.2015435622201687,0.0883915785051357,True,,,,,,
,,,,,,,,,,,,1.2308647823629106,1.2171396123434033,2.9603241590314706,0.2581246557236453,1.982677855702167,False
,,,,,,,,,,,,1.0938953238657674,1.0720703017681648,6.241685602753122,0.2348044655327646,0.0755117534826645,True
0.6765970111643145,0.7357052964571436,2.608364935320392,0.0882706010265512,0.0202950952959958,True,,,,,,,,,,,,
,,,,,,0.4712179900615474,0.548086789573648,1.5334976448323647,0.0677614830738076,0.0156596680129363,True,,,,,,
,,,,,,,,,,,,0.859482886458025,0.8801970560060908,3.430273976234596,0.1599921627810697,0.0758644889714578,False
,,,,,,,,,,,,0.6478734065011076,0.7314589174828512,1.6489403364495083,0.0829683924368435,0.0293966089486312,False
0.5303698475042945,0.5466115727100251,2.0742453209027563,0.1066981928325037,0.1576108053763167,False,,,,,,,,,,,,
,,,,,,0.4511945491274661,0.4715827628551663,1.897170154811963,0.0956343988662592,0.1614697310501407,False,,,,,,
,,,,,,,,,,,,0.7044101620770588,0.5881437246365557,2.269390991360353,0.1753258458048254,0.3961479386896797,False
,,,,,,,,,,,,0.73802868249405,0.852189330102296,6.470850261613498,0.1253457309404358,0.0577662631179499,False
0.6405749950762085,0.7258166783918998,2.8857073866387823,0.10677307500282,0.2311268938084273,True,,,,,,,,,,,,
,,,,,,0.5817515537437477,0.6734732568265256,2.8416850386685644,0.0876688628579565,0.1932273839034032,True,,,,,,
,,,,,,,,,,,,0.6965882756404155,0.694831924323991,3.2944966902666555,0.178542126788646,0.9726281005910822,False
,,,,,,,,,,,,0.840481290591342,1.0761327813334831,4.283051649173228,0.1285190213900074,0.1829210560398075,True
0.385101886900497,0.409774369107615,1.5872382828600249,0.1197093222762073,0.037078618942884,True,,,,,,,,,,,,
,,,,,,0.2160677803862382,0.2255129781965355,1.0940747937820008,0.0724619876293759,0.0117594242306328,True,,,,,,
,,,,,,,,,,,,0.7266699698081346,0.7509547227541811,2.08155148517272,0.2406755900784608,0.1237245020408483,True
,,,,,,,,,,,,0.8231744724602493,1.0174701850855736,4.6384456634457445,0.2870289707467584,0.1004161367104692,False
0.7076170058173449,0.6668808501810266,2.014381064044096,0.1053239771443808,0.0379380093918805,False,,,,,,,,,,,,
,,,,,,0.5468902921020155,0.5584368736256308,1.410909822085224,0.0942669514794187,0.0408197513984589,False,,,,,,
,,,,,,,,,,,,0.7077832184833915,0.6061470911730655,2.3334255633690564,0.1714686755736423,0.1061912786276945,False
,,,,,,,,,,,,0.7207226332447564,0.7001108478374509,2.008025998671864,0.1044361349278854,0.1461438492664613,False
0.3358966102257337,0.425523387829968,2.48747344091383,0.1334196241557633,1.493536321903503,True,,,,,,,,,,,,
,,,,,,0.2663239991414166,0.3220176317996778,1.522353227729244,0.1032152538410053,363.77998315665593,True,,,,,,
,,,,,,,,,,,,0.3397637434185905,0.43344293618792423,3.9579359503421414,0.18526829366624506,3.6006208049247217,False
